TypeCode;Variable;NorwName;EnglName;MjTypeGr;MnTypes;Category;Criteria;Threat;AssmID;FileID
3AB;;Avsetningsformer knyttet til breer;Glacial landforms;landform;;NE;;;159;1
3AB_DG;;Dødisgrop;Kettle hole;landform;;NT; C2b;pollutio:ongoingt:minority:slowdecl,disturba:ongoingt:minority:slowdecl,disturba:ongoingt:minority:unknownd;160;2
3AB_DI;;Dødisterreng;Dead-ice terrain;landform;;LC;;disturba:ongoingt:minority:slowdecl,disturba:ongoingt:minority:slowdecl,disturba:ongoingt:minority:slowdecl,landusec:ongoingt:neglarea:negldecl,landusec:ongoingt:minority:negldecl,pollutio:ongoingt:minority:negldecl;161;3
3AB_DR;;Drumlin og radiære morenerygger;Drumlin and flutes;landform;;LC;;disturba:ongoingt:neglarea:negldecl,disturba:ongoingt:neglarea:negldecl;162;4
3AB_EN;;Ende- og sidemorener;Terminal or lateral moraine;landform;;LC;;disturba:ongoingt:minority:negldecl,disturba:ongoingt:minority:negldecl;163;5
3AB_ES;;Esker;Esker;landform;;LC;;disturba:ongoingt:minority:negldecl,otherthr:ongoingt:minority:negldecl;164;6
3AB_FL;;Flyttblokk;Erratic block;landform;;LC;;;165;7
3AB_IS;;Iskjernemorene;Ice-cored moraine;landform;;LC;;;166;8
3AB_RO;;Rogenmorene;Rogen moraine;landform;;LC;;;167;9
3AR;;Avsetningsformer knyttet til rennende vann;Alluvial deposits;landform;;NE;;;168;10
3AR_DE;;Delta;Delta;landform;;VU; A2b, C1;otherthr:ongoingt:minority:slowdecl,disturba:ongoingt:minority:slowdecl;169;11
3AR_EB;;Elvebanke;River bar;landform;;LC;;;170;12
3AR_ES;;Elveslette;Alluvial plain (river floodplain);landform;;NT; C2b;disturba:ongoingt:minority:slowdecl,otherthr:ongoingt:minority:slowdecl;171;13
3AR_EV;;Elvevifte;Alluvial fan;landform;;NT; A1, A2a, A2b;;172;14
3AR_LS;;Leirslette;Terrestrialised marine clay plain;landform;;NT; C2b;disturba:ongoingt:minority:slowdecl,disturba:ongoingt:minority:slowdecl;173;15
3AR_LV;;Levé;Levée;landform;;NT; A1, A2a, A2b;;174;16
3BF;;Breformer;Glaciers;landform;;NE;;climatec:ongoingt:wholarea:slowdecl,climatec:ongoingt:wholarea:slowdecl,climatec:ongoingt:wholarea:slowdecl;175;17
3BF_BB;;Botnbre;Cirque glacier;landform;;VU; A2b, E;climatec:ongoingt:majority:slowdecl;176;18
3BF_DB;;Dalbre;Valley glacier;landform;;VU; A2b, E;climatec:ongoingt:majority:slowdecl;177;19
3BF_DS;;Dalsidebre;Ice apron;landform;;VU; A2b, E;climatec:ongoingt:majority:slowdecl;178;20
3BF_KB;;Kalvende bre;Calving glacier;landform;;VU; A2b, E;climatec:ongoingt:majority:slowdecl;179;21
3BF_PB;;Platåbre;Platau glacier;landform;;VU; A2b, E;climatec:ongoingt:majority:slowdecl;180;22
3BF_RB;;Regenerert bre;Regenerated glacier;landform;;VU; A2b, E;climatec:ongoingt:majority:slowdecl;181;23
3BF_SB;;Sammensatt bre;Ice field;landform;;VU; A2b, E;climatec:ongoingt:majority:slowdecl;182;24
3EB;;Erosjonsformer knyttet til breer;Glacial erosion landforms;landform;;NE;;;183;25
3EB_BO;;Botn;Cirque;landform;;LC;;;184;26
3EB_BR;;Bruddform;Chatter mark;landform;;LC;;;185;27
3EB_DE;;Dalende;Trough end;landform;;LC;;;186;28
3EB_DK;;Dalklype;Riegel;landform;;LC;;;187;29
3EB_FD;;Fjorddal;Glacial valley with fjord lake;landform;;LC;;;188;30
3EB_HD;;Hengende dal;Hanging valley;landform;;LC;;;189;31
3EB_MB;;Marint basseng;Marine basin;landform;;LC;;;190;32
3EB_PF;;P-form (plastisk form);P-form;landform;;LC;;;191;33
3EB_RS;;Rundsva;Roche moutonée;landform;;LC;;;192;34
3EB_SS;;Skuringsstripe;Glacial stria;landform;;LC;;;193;35
3EB_TI;;Tind;Horn;landform;;LC;;;194;36
3EB_UD;;U-dal;U-shaped valley;landform;;LC;;;195;37
3EL;;Elveløpsformer;Alluvial landforms;landform;;NE;;;196;38
3EL_BD;;Blind dal;Blind valley;landform;;LC;;disturba:ongoingt:majority:slowdecl,otherthr:ongoingt:minority:slowdecl,pollutio:ongoingt:minority:unknownd;197;39
3EL_BK;;Bekkekløft;Ravine;landform;;LC;;;202;40
3EL_FE;;Forgreinet elveløp;Braided stream;landform;;LC;;otherthr:ongoingt:majority:slowdecl;198;41
3EL_KR;;Kroksjø;Oxbow lake;landform;;NT; C1;otherthr:ongoingt:minority:slowdecl,landusec:ongoingt:minority:slowdecl,pollutio:ongoingt:minority:slowdecl;199;42
3EL_ME;;Meander;Meander;landform;;VU; C1;landusec:ongoingt:majority:slowdecl,landusec:ongoingt:minority:slowdecl,landusec:ongoingt:minority:slowdecl;200;43
3EL_UE;;Underjordisk elveløp;Subterranean river;landform;;NT; C1;disturba:ongoingt:majority:slowdecl;201;44
3ER;;Erosjonsformer knyttet til rennende vann;Fluvial erosion landforms;landform;;NE;;;203;45
3ER_ER;;Erosjonskant;Eroded river bank;landform;;NT; C1;landusec:ongoingt:majority:slowdecl,disturba:ongoingt:minority:slowdecl;204;46
3ER_GJ;;Gjel;Canyon (gorge);landform;;LC;;landusec:ongoingt:majority:negldecl,otherthr:ongoingt:minority:negldecl;205;47
3ER_JE;;Jettegryte;Pothole;landform;;LC;;otherthr:ongoingt:minority:negldecl;206;48
3ER_JP;;Jordpyramide;Earth pillar;landform;;CR; B1;otherthr:ongoingt:wholarea:slowdecl,climatec:ongoingt:wholarea:rapidecl,disturba:ongoingt:minority:negldecl;207;49
3ER_RB;;Ravine i bresjøsediment eller dalfylling;Gully in glacilacustrine sediments;landform;;LC;;disturba:ongoingt:neglarea:negldecl;208;50
3ER_RL;;Leirravine;Gully in marine clay;landform;;VU; A1;natcatas:ongoingt:neglarea:negldecl,disturba:ongoingt:neglarea:negldecl,pollutio:ongoingt:majority:negldecl,pollutio:ongoingt:unknownp:unknownd;209;51
3ER_SP;;Spylerenne;Meltwater channel;landform;;LC;;;210;52
3ER_VD;;V-dal;V-shaped valley;landform;;LC;;;211;53
3FP;;Landformer knyttet til frostprosesser;Periglacial landforms;landform;;NE;;;212;54
3FP_FB;;Forvitringsblokkmark;Block field (autochtonous, originating by weathering);landform;;LC;;;213;55
3FP_FG;;Forvitringsgrusmark;Gravel field (autochtonous, originating by weathering);landform;;LC;;;214;56
3FP_IP;;Iskilepolygon;Ice-wedge polygon;landform;;LC;;;215;57
3FP_OB;;Oppfrysingsblokkmark;Frost-sorted block field (of allochtonous material);landform;;LC;;;216;58
3FP_PI;;Pingo;Pingo;landform;;LC;;climatec:ongoingt:majority:slowdecl;217;59
3FP_SB;;Steinbre;Rock glacier;landform;;LC;;otherthr:ongoingt:neglarea:negldecl,climatec:unknownt:unknownp:unknownd;218;60
3FP_SM;;Strukturmark;Patterned ground;landform;;LC;;;219;61
3IK;;Landformer knyttet til jordas indre krefter;Igneous and tectonic landforms;landform;;NE;;otherthr:ongoingt:minority:slowdecl;220;62
3IK_GL;;Glintrand;Nappe escarpment;landform;;LC;;;221;63
3IK_HA;;Havbunnsskorstein;Black smoker;landform;;DD;;otherthr:ongoingt:minority:slowdecl,disturba:onlyfutu:unknownp:unknownd;222;64
3IK_KA;;Kalkrygg;Limestone ridge;landform;;NT; B1, C1;otherthr:ongoingt:minority:unknownd;223;65
3IK_MD;;Mudderdiapir;Mud diapir;landform;;LC;;;224;66
3IK_MV;;Muddervulkan;Mud vulcano;landform;;LC;;;225;67
3IK_SP;;Sprekkedal;Fissure valley;landform;;LC;;;226;68
3IK_UG;;Utstrømmingsgrop;Pockmark;landform;;LC;;;227;69
3KJ;;Kjemiske oppløsningsformer;Karst landforms;landform;;NE;;disturba:ongoingt:minority:slowdecl,disturba:ongoingt:neglarea:unknownd;229;71
3KJ_DO;;Doline;Doline;landform;;LC;;disturba:ongoingt:minority:slowdecl,disturba:unknownt:minority:unknownd;230;72
3KJ_DR;;Dryppstein;Dripstone;landform;;EN; C1;disturba:ongoingt:unknownp:slowdecl;231;73
3KJ_KG;;Kalkgrotte;Limestone cave;landform;;VU; C1, C2a, C2b;otherthr:ongoingt:neglarea:unknownd,disturba:ongoingt:minority:unknownd;232;74
3KJ_KO;;Karstoverflate;Karren (karstic surface);landform;;LC;;disturba:ongoingt:minority:slowdecl;233;75
3KJ_KT;;Kalktuff;Tufa;landform;;CR; B1, B2;disturba:ongoingt:majority:slowdecl;234;76
3KP;;Landformer knyttet til kystprosesser;Coastal landforms;landform;;NE;;otherthr:ongoingt:minority:slowdecl;235;77
3KP_KG;;Kystgrotte;Coastal cave;landform;;NT; C1;disturba:ongoingt:majority:slowdecl;236;78
3KP_KK;;Kystklippe;Coastal cliff;landform;;LC;;;237;79
3KP_RA;;Rauk;Sea stack;landform;;LC;;otherthr:ongoingt:neglarea:negldecl;238;80
3KP_SL;;Strandlinje;Shoreline;landform;;LC;;otherthr:ongoingt:minority:negldecl;239;81
3KP_SV;;Strandvoll;Beach ridge;landform;;NT; A1;otherthr:ongoingt:majority:slowdecl;240;82
3ML;;Landformer knyttet til massebevegelse på land;Terrestrial mass movement landforms;landform;;NE;;disturba:ongoingt:neglarea:negldecl,otherthr:ongoingt:neglarea:negldecl,climatec:ongoingt:wholarea:unknownd;241;83
3ML_FJ;;Flytjordsvalk;Solifluction lobe;landform;;LC;;;242;84
3ML_FU;;Fjellskredur;Rockslide scree;landform;;LC;;;243;85
3ML_FV;;Flomrasvifte;Debris cone;landform;;LC;;;244;86
3ML_JS;;Jordskred;Soil landslide;landform;;LC;;;245;87
3ML_LS;;Leirskred(grop);Quick clay landslide;landform;;NT; C1, C2a, C2b;otherthr:ongoingt:majority:rapidecl;246;88
3ML_PT;;Protalus;Protalus rampart;landform;;LC;;;247;89
3ML_SV;;Snørasvoll;Snow avalanche-impacted rampart;landform;;LC;;;248;90
3ML_TA;;Talus;Talus;landform;;LC;;;249;91
3MR;;Landformer knyttet til marine strøm- og skredprosesser;Marine landslides and landform shaped by ocean currents;landform;;NE;;;250;92
3MR_MG;;Marint gjel;Marine gorge;landform;;LC;;otherthr:ongoingt:neglarea:negldecl;251;93
3MR_MR;;Marint skredområde;Submarine landslide;landform;;LC;;otherthr:ongoingt:neglarea:negldecl;252;94
3MR_PS;;Pløyespor;Iceberg ploughmark;landform;;LC;;otherthr:ongoingt:minority:negldecl,disturba:ongoingt:unknownp:unknownd;253;95
3MR_VS;;Vandrende marin sanddyne;Marine sandwave;landform;;LC;;otherthr:ongoingt:minority:negldecl;254;96
3TO;;Torvmarksformer;Mire massif types;landform;;LC;;;136;97
3TO_BA;;Bakkemyr;Sloping fen;landform;;LC;;;137;98
3TO_BØ;;Øyblandingsmyr;Islet mixed mire;landform;;NT; C2a, C2b;landusec:ongoingt:minority:slowdecl,landusec:suspendd:minority:slowdecl,climatec:onlyfutu:majority:unknownd;139;99
3TO_BS;;Strengblandingsmyr;String-flark mixed mire;landform;;LC;;;138;100
3TO_DK;;Djupkilde;Spring fen;landform;;LC;;landusec:ongoingt:minority:slowdecl,landusec:ongoingt:minority:slowdecl,landusec:ongoingt:minority:slowdecl,landusec:ongoingt:minority:slowdecl,landusec:ongoingt:minority:slowdecl;140;101
3TO_FA;;Flatmyr;Flat fen;landform;;LC;;;141;102
3TO_FL;;Flommyr;Transgression fen;landform;;LC;;;142;103
3TO_GS;;Gjennomstrømningsmyr;Percolation mire;landform;;LC;;;278;104
3TO_GV;;Gjenvoksningsmyr;Terrestrialisation fen;landform;;LC;;;144;105
3TO_HA;;Atlantisk høymyr;Atlantic bog;landform;;EN; C1, C2b;landusec:ongoingt:majority:slowdecl,landusec:ongoingt:minority:slowdecl,landusec:ongoingt:minority:slowdecl,landusec:ongoingt:minority:slowdecl,landusec:ongoingt:minority:slowdecl,landusec:ongoingt:minority:slowdecl,landusec:ongoingt:minority:slowdecl,landusec:ongoingt:minority:slowdecl,pollutio:ongoingt:minority:negldecl;145;106
3TO_HE;;Eksentrisk høymyr;Eccentric raised bog;landform;;EN; C1, C2b;landusec:ongoingt:minority:slowdecl,landusec:ongoingt:minority:slowdecl,landusec:ongoingt:minority:slowdecl,landusec:ongoingt:minority:slowdecl,landusec:ongoingt:minority:slowdecl,landusec:ongoingt:minority:slowdecl,landusec:ongoingt:minority:slowdecl,landusec:ongoingt:minority:slowdecl,landusec:ongoingt:minority:slowdecl,landusec:ongoingt:minority:slowdecl,landusec:suspendd:minority:slowdecl;146;107
3TO_HK;;Konsentrisk høymyr;Concentric raised bog;landform;;EN; B1, C1, C2a, C2b;landusec:ongoingt:minority:slowdecl,landusec:suspendd:minority:slowdecl,landusec:ongoingt:minority:slowdecl,landusec:ongoingt:minority:slowdecl,landusec:ongoingt:minority:rapidecl,landusec:ongoingt:minority:rapidecl,landusec:ongoingt:minority:rapidecl,landusec:ongoingt:neglarea:slowdecl,landusec:ongoingt:neglarea:rapidecl,landusec:ongoingt:minority:negldecl;147;108
3TO_HN;;Kanthøymyr;Ridge raised bog;landform;;NT; A1, A2a, A2b;landusec:ongoingt:minority:slowdecl,landusec:ongoingt:minority:slowdecl,landusec:ongoingt:minority:slowdecl,landusec:suspendd:minority:slowdecl,landusec:ongoingt:minority:slowdecl,landusec:ongoingt:minority:slowdecl,landusec:ongoingt:minority:slowdecl,landusec:ongoingt:minority:slowdecl,landusec:ongoingt:minority:slowdecl;148;109
3TO_HP;;Platåhøymyr;Plateau raised bog;landform;;EN; C1, C2b;landusec:ongoingt:minority:slowdecl,landusec:ongoingt:minority:slowdecl,landusec:ongoingt:minority:slowdecl,landusec:ongoingt:minority:slowdecl,landusec:ongoingt:minority:slowdecl,landusec:ongoingt:minority:slowdecl,landusec:ongoingt:minority:slowdecl,landusec:ongoingt:minority:slowdecl,landusec:ongoingt:minority:slowdecl,landusec:suspendd:minority:slowdecl;149;110
3TO_PA;;Palsmyr;Palsa mire;landform;;EN; C2a, C2b;climatec:ongoingt:wholarea:slowdecl,disturba:ongoingt:minority:slowdecl,disturba:ongoingt:minority:slowdecl;150;111
3TO_ST;;Strengmyr;String-flark fen;landform;;LC;;;152;112
3TO_TE;;Terrengdekkende myr;Blanket bog;landform;;VU; A1, A2a, A2b, C2a, C2b;landusec:ongoingt:minority:slowdecl,landusec:ongoingt:minority:slowdecl,landusec:suspendd:minority:slowdecl,landusec:ongoingt:minority:slowdecl,landusec:suspendd:minority:slowdecl,landusec:ongoingt:minority:slowdecl,landusec:ongoingt:minority:slowdecl,landusec:ongoingt:minority:slowdecl,landusec:ongoingt:minority:slowdecl,landusec:ongoingt:minority:slowdecl,landusec:ongoingt:minority:slowdecl,pollutio:ongoingt:minority:slowdecl,landusec:ongoingt:minority:negldecl;153;113
3VI;;Landformer knyttet til vindprosesser;Aeolian landforms;landform;;NE;;;255;114
3VI_FD;;Flygesanddyne;Aeolian sand dune;landform;;VU; A1;;256;115
F1;;Elvevannmasser;River and stream waterbody;limnic waterbody;6;NT; C1;landusec:ongoingt:minority:slowdecl,pollutio:ongoingt:minority:slowdecl,disturba:ongoingt:minority:slowdecl,landusec:ongoingt:minority:slowdecl;33;116
F2;;Sirkulerende innsjøvannmasser;Circulating lake waterbody;limnic waterbody;14;LC;;landusec:ongoingt:minority:slowdecl,landusec:ongoingt:minority:slowdecl,pollutio:ongoingt:minority:slowdecl;34;117
F2-12;;klare kalkfattige turbide innsjøvannmasser i små og/eller grunne innsjøer;Lime-poor turbid waterbody in small or shallow lake;limnic waterbody;1;NT; C1;climatec:ongoingt:majority:slowdecl,landusec:ongoingt:minority:slowdecl;36;118
F2-13;;Humøse kalkfattige innsjøvannmasser i dype innsjøer med sjikting;Lime-poor humus-rich circulating deep-lake waterbody;limnic waterbody;1;EN; B2;landusec:ongoingt:minority:slowdecl,landusec:ongoingt:minority:slowdecl,pollutio:ongoingt:minority:slowdecl;38;119
F2-16;;Humøse kalkfattige innsjøvannmasser i små og/eller grunne innsjøer;Lime-poor humus-rich waterbody in small or shallow lake;limnic waterbody;1;VU; B2;landusec:ongoingt:minority:slowdecl,landusec:ongoingt:minority:slowdecl,pollutio:ongoingt:minority:slowdecl;39;120
F2-6,F2-9,F2-18,F2-21;;Klare kalkrike pytter, dammer og små grunne innsjøer;Lime-rich waterbody in pond or small or shallow lake;limnic waterbody;4;LC;;landusec:ongoingt:minority:slowdecl,landusec:ongoingt:minority:slowdecl;352;121
F2-6,F2-9,F2-18,F2-21;KA-h,KA-i;Sterkt kalkrike dammer, pytter og små og/eller grunne innsjøer;Extremely lime-rich waterbody in pond or small or shallow lake;limnic waterbody;0;VU; A1, C1;landusec:ongoingt:minority:slowdecl,pollutio:ongoingt:minority:slowdecl;279;122
F3;;Ikke-sirkulerende innsjøvannmasser;Anoxic lake waterbody;limnic waterbody;1;NE;;;35;123
H1;;Havvannmasser;Oceanic waterbody;marine seabed;5;LC;;;7;124
H2;;Sirkulerende vannmasser i fysisk avgrensete saltvannsforekomster;Circulating fjord, estuary, lagoon and rock pool waterbody;marine seabed;8;LC;;;328;125
H3;;Ikke-sirkulerende marine vannmasser i fysisk avgrensete saltvannsforekomster;Anoxic marine waterbody;marine seabed;1;LC;;;9;126
I1;;Snø- og isdekt fastmark;Snow and ice-covered ground;snow and ice;1;NT; A2a, A2b;climatec:ongoingt:majority:slowdecl,climatec:ongoingt:majority:slowdecl,climatec:ongoingt:majority:slowdecl;257;127
L1;;Eufotisk fast ferskvannsbunn;Euphotic freshwater rock;freshwater bottom;7;NE;;;27;128
L2;;Eufotisk limnisk sedimentbunn;Euphotic freshwater sediment;freshwater bottom;19;NE;;;28;129
L3;;Afotisk limnisk sedimentbunn;Aphotic freshwater sediment;freshwater bottom;2;NE;;;29;130
L4;;Helofytt-ferskvannssump;Freshwater swamp;freshwater bottom;2;LC;;landusec:ongoingt:minority:slowdecl,landusec:ongoingt:minority:slowdecl;30;131
L4-3;;Kalkrik helofyttsump;Lime-rich freshwater swamp;freshwater bottom;1;VU; A1, C1;landusec:ongoingt:minority:slowdecl,landusec:ongoingt:minority:slowdecl,pollutio:ongoingt:minority:slowdecl;37;132
L5;;Ferskvannskildebunn;Freshwater spring;freshwater bottom;4;NE;;;31;133
L6;;Afotisk limnisk sedimentbunn preget av oksygenmangel;Anoxic freshwater sediment;freshwater bottom;2;NE;;;32;134
M1;;Eufotisk fast saltvannsbunn;Euphotic marine rock;marine waterbody;28;LC;;;15;135
M1-3;6KS_1;Sukkertareskog i Nordsjøen og Skagerrak;Kelp forest dominated by sugar kelp in the Skagerrak and North Sea;marine waterbody;0.5;EN; A2a, C2a;pollutio:ongoingt:majority:rapidecl,climatec:ongoingt:majority:rapidecl;342;136
M1-3;6KS_2,6KS_3;Sukkertareskog i Norskehavet og Barentshavet;Kelp forest dominated by sugar kelp in the Norwegian Sea and Barents Sea;marine waterbody;0.5;EN; A1, D1;nativesp:ongoingt:majority:negldecl;344;137
M1-5;6KS_2,6KS_3;Stortareskog i Norskehavet og Barentshavet;Kelp forest dominated by tangle in the Norwegian Sea and Barents Sea;marine waterbody;0;NT; A1, D1;nativesp:ongoingt:minority:negldecl,climatec:ongoingt:unknownp:unknownd;343;138
M1-6;6KS_2,6KS_3;Fingertarebunn i Norskehavet og Barentshavet ;Kelp forest dominated by oarweed in the Norwegian Sea and Barents Sea;marine waterbody;0;VU; A1;alienspe:ongoingt:unknownp:unknownd;24;139
M2;;Afotisk fast saltvannsbunn;Aphotic marine rock;marine waterbody;20;LC;;;12;140
M2-6,M2-7;1AR-H-H;Strømpåvirket fastbunn atlantisk vann og øvre sublitoral med dominans av hornkoraller;Coral forest;marine waterbody;0;NT; A1, A2a, A2b;landusec:ongoingt:unknownp:unknownd;310;141
M3;;Fast fjærebeltebunn;Littoral rock;marine waterbody;16;LC;;;16;142
M3-6,M3-8,M3-9;;Litt til svært eksponert bergknaus i landstrand;Exposed blue-mussel seabed;marine waterbody;3;VU; A1, C1;nativesp:unknownt:unknownp:unknownd,climatec:ongoingt:unknownp:unknownd,nativesp:ongoingt:unknownp:unknownd,alienspe:onlyfutu:unknownp:unknownd,pollutio:suspendd:unknownp:unknownd;14;143
M4;;Eufotisk marin sedimentbunn;Euphotic marine sediment;marine waterbody;42;LC;;;17;144
M4-11,M4-20;;Ruglbunn;Maerl-bed;marine waterbody;2;DD;;pollutio:ongoingt:wholarea:slowdecl,climatec:ongoingt:wholarea:slowdecl,huntharv:onlyfutu:unknownp:unknownd,pollutio:ongoingt:unknownp:unknownd;326;145
M5;;Afotisk marin sedimentbunn;Aphotic marine sediment;marine waterbody;38;LC;;;2;146
M5-4,M5-5,M5-14,M5-15;1AG-H-H,6KS_1;Afotisk finsediment- og finmaterialebunn, med hornkorall i Nordsjøen og Skagerrak;Bamboo coral forest;marine waterbody;0;EN; B2;landusec:ongoingt:majority:slowdecl;11;147
M5-4,M5-5,M5-14,M5-15;6KE_2;Afotisk finsediment- og finmaterialebunn i Skagerrak;Mesopelagic to upper sublittoral mixed sediment and mud in the Skagerrak;marine waterbody;0;NT; B1, C1;landusec:ongoingt:minority:slowdecl;312;148
M5-9,M5-18,M5-26;6KS_3;Svampspikelbunn i Barentshavet sør;Upper bathypelagic to upper sublittoral sponge-bed in the Barents Sea;marine waterbody;0;NT; A2b;landusec:ongoingt:minority:slowdecl;10;149
M5-23;1AR-H-H;Afotisk finmaterialerik sedimentbunn i intermedært vann, med hornkorall;Coral forest dominated by Radicipes gracilis;marine waterbody;0;EN; B2;landusec:ongoingt:minority:slowdecl;311;150
M6;;Korallrev;Coral reef seabed;marine waterbody;2;NT; A1, A2a, A2b, C1;landusec:ongoingt:minority:slowdecl,landusec:ongoingt:neglarea:unknownd;3;151
M7;;Marin undervannseng;Seagrass bed;marine waterbody;4;LC;;;18;152
M8;;Helofytt-saltvannsump;Tidal swamp;marine waterbody;1;LC;;;19;153
M9;;Litoralbasseng-bunn;Tidal rockpool seabed;marine waterbody;9;DD;;;20;154
M10;;Marin grotte og overheng;Marine cave and overhang;marine waterbody;5;LC;;;21;155
M11;;Kaldt gassoppkomme;Marine cold seep;marine waterbody;7;LC;;landusec:unknownt:unknownp:unknownd;4;156
M12;;Varm havkilde;Hydrothermal vent;marine waterbody;7;LC;;disturba:ongoingt:neglarea:negldecl,disturba:onlyfutu:neglarea:negldecl;5;157
M13;;Marin sedimentbunn preget av oksygenmangel;Anoxic marine sediment;marine waterbody;4;LC;;;6;158
T1;;Nakent berg;Bare rock;terrestrial;75;LC;;;41;159
T1-12,T1-16,T1-20,T1-29,T1-32,T1-52,T1-56,T1-60;6SE_5;Svært tørkeutsatt, kalkrikt berg i kontinentale områder;Moderately to extremely lime-rich strongly desiccation-prone rock, rock wall and rock outcrop in the weakly continental section;terrestrial;0;VU; B2, D1;landusec:ongoingt:minority:slowdecl,climatec:ongoingt:wholarea:unknownd;69;160
T1-16,T1-20,T1-40,T1-56,T1-60;6SO_1;Uttørkingseksponerte temmelig til ekstremt kalkrike berg, bergvegger og knauser i boreonemoral sone ;Moderately to extremely lime-rich strongly desiccation-prone rock, rock wall and rock outcrop in the boreo-nemoral zone;terrestrial;0;NT; D1, D2a;pollutio:ongoingt:wholarea:slowdecl,landusec:ongoingt:minority:slowdecl,landusec:ongoingt:minority:slowdecl,alienspe:ongoingt:minority:slowdecl,disturba:ongoingt:minority:negldecl,climatec:ongoingt:wholarea:unknownd;70;161
T1-33,T1-34,T1-35,T1-36,T1-37,T1-38,T1-39,T1-40;6SO_6,6SO_7,6SE_4,6SE_5;Overrislingsberg i mellomalpin og høyalpin sone i overgangsseksjon og svakt kontinental seksjon;Rock with frequent surface waterflow in the middle and high alpine zone in the transitional and weakly continental section;terrestrial;0;EN; C2a;climatec:ongoingt:majority:slowdecl,climatec:ongoingt:majority:slowdecl;66;162
T1-69,T1-70,T1-71,T1-72,T1-73,T1-74,T1-75,T1-76;;Fossebergvegg og fossebergknaus ;Water-sprayed rock wall and rock outcrop;terrestrial;8;VU; C1;landusec:ongoingt:minority:slowdecl;68;163
T1-81,T1-82;;Kalfattig til ekstremt kalkrikt snøleieberg;Snowbed rock;terrestrial;2;NT; A2a, C2a;climatec:ongoingt:wholarea:slowdecl,climatec:ongoingt:wholarea:slowdecl,climatec:ongoingt:wholarea:slowdecl,climatec:ongoingt:minority:slowdecl;262;164
T2;;Åpen grunnlendt mark;Open shallow-soil ground;terrestrial;8;LC;;;42;165
T2-7,T2-8;6SO_1;Åpen grunnlendt sterkt kalkrik mark i boreonemoral sone;Strongly lime-rich open subxeric and xeric shallow-soil ground in the boreo-nemoral zone;terrestrial;0;EN; A1, A2b, D1;pollutio:ongoingt:wholarea:slowdecl,alienspe:ongoingt:majority:slowdecl,landusec:ongoingt:majority:slowdecl,disturba:ongoingt:minority:slowdecl,landusec:ongoingt:minority:slowdecl,landusec:ongoingt:minority:slowdecl,landusec:ongoingt:minority:slowdecl,landusec:ongoingt:minority:slowdecl;266;166
T2-7,T2-8;6SO_2;Åpen grunnlendt sterkt kalkrik mark i sørboreal sone;Strongly lime-rich open subxeric and xeric shallow-soil ground in the south nemoral zone;terrestrial;0;VU; A1, B2, D1;pollutio:ongoingt:wholarea:slowdecl,landusec:ongoingt:majority:slowdecl,alienspe:ongoingt:minority:slowdecl,disturba:ongoingt:minority:negldecl,climatec:ongoingt:wholarea:unknownd;269;167
T3;;Fjellhei, leside og tundra;Arctic-alpine heath and lee side;terrestrial;14;NT; A2a, A2b, C2a, C2b;pollutio:ongoingt:minority:slowdecl,climatec:ongoingt:minority:slowdecl,climatec:ongoingt:minority:slowdecl,climatec:ongoingt:minority:slowdecl,climatec:ongoingt:minority:slowdecl,landusec:ongoingt:minority:slowdecl,landusec:ongoingt:neglarea:slowdecl,landusec:ongoingt:neglarea:negldecl,huntharv:ongoingt:neglarea:negldecl,disturba:ongoingt:minority:negldecl;43;168
T4;;Fastmarksskogsmark;Forest;terrestrial;20;LC;;landusec:ongoingt:minority:slowdecl;81;169
T4;HI-a;Skog med tydelig beitepreg;Forest characterised by extensive grazing;terrestrial;0;LC;;landusec:ongoingt:minority:slowdecl;390;170
T4-1,T4-2,T4-3,T4-17;6SE_1,6SE_2,6SO_1,6SO_2,1AR-A-B,UE-0,UE-a;Borenemoral og sørboreal skog i klart til sterkt oseanisk seksjon;Boreo-nemoral rainforest;terrestrial;0;VU; B1;climatec:ongoingt:wholarea:slowdecl,climatec:ongoingt:wholarea:slowdecl,pollutio:ongoingt:majority:slowdecl,nativesp:ongoingt:majority:slowdecl,landusec:ongoingt:minority:slowdecl,landusec:suspendd:minority:rapidecl;84;171
T4-1,T4-2,T4-17,T4-18;6SE_1,6SE_2,6SO_3,1AR-A-B;Ikke eller svært lite uttørkningseksponert mellomboreal barskog i klart til sterkt oseanisk seksjon;Boreal rainforest;terrestrial;0;VU; B1, D1;landusec:ongoingt:minority:slowdecl,landusec:ongoingt:minority:slowdecl;83;172
T4-3,T4-4;1AR-A-E,6SO_1;Frisk og temmelig frisk kalkrik edellauvskog;Moderately to strongly lime-rich submesic broadleaf deciduous forest in the boreo-nemoral zone;terrestrial;0;NT; A2a, D2a;nativesp:ongoingt:minority:slowdecl,nativesp:ongoingt:minority:slowdecl;367;173
T4-4;1AR-A-B;Kalklågurtskog med bartredominans;Strongly lime-rich submesic coniferous forest;terrestrial;0;VU; D1;landusec:ongoingt:majority:slowdecl,landusec:ongoingt:minority:slowdecl;85;174
T4-5,T4-6,T4-7,T4-8,T4-9,T4-10,T4-11,T4-12,T4-19,T4-20;BK-a;Litt tørkeutsatt og tørkeutsatt ultramafisk skogsmark;Moderately to clearly subxeric forest on ultramafic bedrock;terrestrial;0;EN; B2;landusec:ongoingt:minority:slowdecl,landusec:ongoingt:minority:slowdecl;366;175
T4-6,T4-7,T4-8,T4-10,T4-11,T4-12,T4-14,T4-15,T4-16,T4-19,T4-20;1AR-A-B;Intermediær til ekstremt kalkrik og litt til sterkt tørkeutsatt lågurt barskog;Intermediately to strongly lime-rich moderately subxeric to xeric coniferous forest;terrestrial;0;VU; D1;landusec:ongoingt:minority:slowdecl,landusec:ongoingt:minority:slowdecl,disturba:ongoingt:minority:slowdecl;392;176
T4-6,T4-7,T4-10,T4-11;1AR-A-E,6SO_1;Svakt intermediært til temmelig kalkrik lågurt edellauvskog;Intermediately to moderately lime-rich moderately to clearly subxeric broadleef deciduous forest in the boreo-nemoral zone;terrestrial;0;VU; D1, D2a, D2b;landusec:ongoingt:minority:slowdecl,landusec:ongoingt:minority:slowdecl;364;177
T4-8,T4-12;1AR-A-E,6SO_1;Sterk kalkrik edellauvskog;Strongly lime-rich moderately to clearly subxeric broadleef deciduous forest in the boreo-nemoral zone;terrestrial;0;EN; B1, B2;landusec:ongoingt:minority:slowdecl,disturba:ongoingt:minority:slowdecl,alienspe:ongoingt:minority:unknownd;365;178
T4-10,T4-11,T4-14,T4-15;SS-k,S1-d,S1-e,S1-f,S1-g,1AR-A-B;Svakt intermediært til temmelig kalkrik grus og sanddominert sandskogsmark med dominans av bartrær /bartresanskogsmark;Intermediately to moderately lime-rich subxeric to xeric coniferous forest on stabilised pebbles and sand;terrestrial;0;NT; D1, D2a, D2b;landusec:ongoingt:minority:slowdecl,landusec:ongoingt:minority:slowdecl;359;179
T4-18;1AR-A-B;Høgstaudeskog med bartredominans;Strongly lime-rich submesic tall-herb coniferous forest;terrestrial;0;NT; D1;landusec:ongoingt:minority:slowdecl;86;180
T4-18,T4-19;1AR-A-E;Frisk til intermediær høgstaude-edellauvskog;Strongly lime-rich submesic to moderately subxeric tall-herb broadleef deciduous forest;terrestrial;0;VU; A2a, D2a;nativesp:ongoingt:minority:slowdecl,landusec:ongoingt:minority:slowdecl,alienspe:ongoingt:majority:rapidecl;389;181
T5;;Grotte og overheng;Cave and overhang;terrestrial;10;LC;;;44;182
T6;;Strandberg;Rocky shore;terrestrial;7;LC;;;45;183
T7;;Snøleie;Snowbed;terrestrial;14;VU; C2a;climatec:ongoingt:majority:slowdecl,climatec:ongoingt:majority:slowdecl,climatec:ongoingt:majority:slowdecl,climatec:ongoingt:majority:slowdecl,pollutio:ongoingt:minority:slowdecl;46;184
T8;;Fuglefjell-eng og fugletopp;Bird-cliff meadow;terrestrial;5;VU; D2a;otherthr:ongoingt:wholarea:slowdecl,landusec:ongoingt:minority:slowdecl;47;185
T11;;Saltanrikingsmark i fjæresonen;Hypersaline tidal marsh;terrestrial;3;LC;;;49;186
T12;;Strandeng;Tidal meadow;terrestrial;4;VU; A1, A2a, C1, C2a;climatec:ongoingt:wholarea:slowdecl,pollutio:ongoingt:majority:slowdecl,landusec:ongoingt:unknownp:slowdecl,alienspe:ongoingt:unknownp:unknownd;75;187
T13;;Rasmark;Bare talus slope;terrestrial;18;LC;;;50;188
T14;;Rabbe;Exposed ridge;terrestrial;3;NT; A2a, A2b, C2a, C2b;climatec:ongoingt:minority:slowdecl,climatec:ongoingt:minority:slowdecl,climatec:ongoingt:minority:slowdecl,pollutio:ongoingt:minority:slowdecl,climatec:ongoingt:minority:slowdecl,pollutio:ongoingt:neglarea:negldecl,huntharv:unknownt:neglarea:negldecl;51;189
T15;;Fosse-eng;Waterfall-sprayed meadow;terrestrial;2;VU; C1;landusec:ongoingt:minority:slowdecl,climatec:ongoingt:minority:slowdecl,disturba:ongoingt:neglarea:negldecl;52;190
T16;;Rasmarkhei og -eng;Talus-slope heath and meadow;terrestrial;7;LC;;;53;191
T17;;Aktiv skredmark;Open active landslide;terrestrial;3;DD;;landusec:ongoingt:unknownp:unknownd;54;192
T17-4;;Silt og leirskred;Silt- and clay-dominted landslide;terrestrial;1;EN; A1, C1;climatec:ongoingt:majority:slowdecl,landusec:ongoingt:minority:slowdecl;265;193
T18;;Åpen flomfastmark;Open alluvial sediment;terrestrial;6;NT; A1, A2a, A2b, C2a, C2b;landusec:suspendd:minority:slowdecl,landusec:ongoingt:minority:slowdecl,climatec:ongoingt:minority:slowdecl,landusec:ongoingt:minority:rapidecl,landusec:suspendd:neglarea:negldecl,landusec:ongoingt:minority:negldecl,alienspe:ongoingt:neglarea:unknownd;55;194
T19;;Oppfrysingsmark;Patterned ground;terrestrial;3;LC;;climatec:ongoingt:neglarea:negldecl,climatec:ongoingt:neglarea:negldecl,climatec:ongoingt:neglarea:negldecl,climatec:ongoingt:neglarea:negldecl,landusec:suspendd:neglarea:negldecl,landusec:suspendd:neglarea:negldecl;56;195
T20;;Isinnfrysingsmark;Kettle-hole frost heath;terrestrial;2;DD;;landusec:ongoingt:unknownp:unknownd,landusec:ongoingt:unknownp:unknownd,landusec:ongoingt:unknownp:unknownd;57;196
T21;;Sanddynemark;Sand dune;terrestrial;8;VU; C1, D2a;disturba:ongoingt:majority:slowdecl,landusec:ongoingt:minority:slowdecl,landusec:ongoingt:minority:slowdecl,landusec:ongoingt:minority:slowdecl,alienspe:ongoingt:minority:slowdecl,alienspe:ongoingt:minority:slowdecl,landusec:ongoingt:minority:slowdecl,landusec:ongoingt:neglarea:negldecl,climatec:onlyfutu:wholarea:unknownd;58;197
T21-5,T21-6;6SO_1;Brune dyner og dynehei i boreonemoral sone;Brown dune and dune heath in the boreo-nemoral zone;terrestrial;0;EN; A1, C1;alienspe:ongoingt:majority:slowdecl,alienspe:ongoingt:majority:slowdecl,landusec:ongoingt:minority:slowdecl,landusec:ongoingt:minority:slowdecl,disturba:ongoingt:minority:slowdecl,landusec:ongoingt:minority:slowdecl,pollutio:ongoingt:minority:slowdecl,landusec:ongoingt:majority:rapidecl,climatec:onlyfutu:wholarea:unknownd;271;198
T22;;Fjellgrashei og grastundra;Arctic-alpine dry-grass heath;terrestrial;4;LC;;pollutio:ongoingt:neglarea:negldecl,climatec:ongoingt:neglarea:negldecl,landusec:suspendd:neglarea:negldecl,disturba:ongoingt:minority:negldecl,climatec:unknownt:unknownp:unknownd,climatec:unknownt:unknownp:unknownd;59;199
T23;;Ferskvannsdriftvoll;Freshwater driftline;terrestrial;1;LC;;;60;200
T24;;Driftvoll;Coastal driftline;terrestrial;3;LC;;;61;201
T25;;Historisk skredmark;Open historical landslide;terrestrial;4;LC;;;62;202
T26;;Breforland og snøavsmeltingsområde;Glacier foreland;terrestrial;7;LC;;landusec:ongoingt:neglarea:negldecl,landusec:ongoingt:neglarea:negldecl;63;203
T27;;Blokkmark;Boulder field;terrestrial;3;LC;;;64;204
T27-2,T27-4,T27-5;;Kalkfattig til ekstremt kalkrikt snøleie-blokkmark;Boulder snowbed;terrestrial;3;NT; A2a, C2a;;263;205
T27-6,T27-7;;Kalkfattig til kalkrikt rabbepreget blokkmark;Wind-exposed boulder field;terrestrial;2;NT; A2a, C2a;climatec:ongoingt:wholarea:slowdecl,climatec:ongoingt:majority:slowdecl,climatec:ongoingt:unknownp:unknownd,climatec:ongoingt:unknownp:unknownd;264;206
T29;;Grus- og steindominert strand og strandlinje;Coastal shingle beach;terrestrial;9;LC;;;65;207
T29-6;;Skjellsandstrand i etablerings- og konsolideringsfase på epilitoral fastmark;Epilittoral consolidated shell-bed beach;terrestrial;1;DD;;;290;208
T30;;Flomskogsmark;Alluvial forest;terrestrial;7;VU; C1, D1;landusec:ongoingt:minority:slowdecl,landusec:ongoingt:minority:slowdecl,landusec:ongoingt:minority:slowdecl;393;209
T31;;Boreal hei;Boreal heath;terrestrial;14;VU; A2a, D1, D2a, D2b;landusec:ongoingt:majority:slowdecl,landusec:ongoingt:majority:slowdecl,climatec:ongoingt:majority:unknownd;71;210
T32;;Semi-naturlig eng;Semi-natural grassland;terrestrial;21;VU; A1, A2a, A2b, D1, D2a;landusec:ongoingt:majority:slowdecl,alienspe:ongoingt:minority:slowdecl,landusec:ongoingt:minority:slowdecl,landusec:ongoingt:minority:slowdecl,landusec:ongoingt:neglarea:negldecl,pollutio:ongoingt:unknownp:unknownd,landusec:ongoingt:unknownp:unknownd,climatec:ongoingt:unknownp:unknownd;72;211
T32;SP-a;Slåttemark;Hayfield;terrestrial;0;CR; A1, A2b, D1;pollutio:ongoingt:majority:slowdecl,climatec:ongoingt:majority:slowdecl,landusec:ongoingt:majority:slowdecl,landusec:ongoingt:majority:slowdecl,landusec:ongoingt:minority:slowdecl,alienspe:ongoingt:minority:slowdecl;76;212
T33;;Semi-naturlig strandeng;Semi-natural tidal and salt meadow;terrestrial;2;EN; A2a, A2b, D1, D2a;climatec:ongoingt:wholarea:slowdecl,landusec:ongoingt:majority:slowdecl,landusec:ongoingt:unknownp:slowdecl,pollutio:ongoingt:majority:unknownd;73;213
T34;;Kystlynghei;Coastal heath;terrestrial;12;EN; D2a, D2b;landusec:ongoingt:majority:slowdecl,alienspe:ongoingt:majority:slowdecl,pollutio:ongoingt:minority:slowdecl,landusec:ongoingt:minority:slowdecl,climatec:ongoingt:unknownp:unknownd;74;214
V1;;Åpen jordvannsmyr;Open fen;wetland;32;LC;;landusec:ongoingt:neglarea:slowdecl,pollutio:ongoingt:neglarea:slowdecl,landusec:ongoingt:minority:slowdecl,landusec:ongoingt:minority:slowdecl,landusec:suspendd:minority:slowdecl,landusec:ongoingt:minority:slowdecl,landusec:ongoingt:minority:slowdecl,landusec:ongoingt:minority:slowdecl;125;215
V1-10,V1-11,V1-12,V1-13,V1-14,V1-15,V1-16,V1-17,V1-18,V1-19,V1-20,V1-25,V1-26,V1-27,V1-28,V1-29,V1-30,V1-31,V1-32;6SO_1,6SO_2;Sterk intermediær til ekstremt kalkrik åpen jordvannsmyr i boreonemoral og sørboreal sone;Intermediately to extremely lime-rich fen expanse and fen margin in the boreo-nemoral and south boreal zone;wetland;0;EN; A1, A2a, A2b, C1, C2a, C2b;landusec:ongoingt:minority:slowdecl,landusec:ongoingt:minority:slowdecl,landusec:suspendd:minority:slowdecl,landusec:ongoingt:minority:slowdecl,landusec:ongoingt:minority:slowdecl,landusec:ongoingt:minority:slowdecl,pollutio:ongoingt:minority:slowdecl,pollutio:ongoingt:minority:slowdecl,landusec:ongoingt:minority:slowdecl;154;216
V2;;Myr- og sumpskogsmark;Mire and swamp forest;wetland;8;LC;;landusec:ongoingt:minority:slowdecl,landusec:ongoingt:minority:slowdecl,landusec:ongoingt:minority:slowdecl;126;217
V2-3,V2-4,V2-5,V2-6;1AR-A-E,6SO_1;Sterk intermediær til ekstremt kalkrik myr- og sumpskogsmatte med dominans av edellauvtrær i boreonemoral;Intermediate to lime-rich mire forest in the boreo-nemoral zone dominated by broadleef deciduous trees;wetland;0;VU; A1, C1;landusec:ongoingt:minority:slowdecl,nativesp:ongoingt:minority:slowdecl,landusec:ongoingt:minority:slowdecl,landusec:ongoingt:minority:rapidecl;158;218
V2-3,V2-4,V2-5,V2-6,V2-7,V2-8;1AR-A-B;Sterk intermediær til ekstremt kalkrik kildemyr, myr- og sumpskogsmatte med dominans av bartrær;Intermediate to lime-rich spring mire forest and swamp forest dominated by coniferous trees;wetland;0;EN; D1, D2b;landusec:ongoingt:minority:slowdecl,landusec:ongoingt:minority:slowdecl,landusec:ongoingt:minority:slowdecl,landusec:ongoingt:minority:rapidecl,pollutio:ongoingt:minority:negldecl;272;219
V2-7,V2-8;1AR-A-E;Sterk intermediær til ekstremt kalkrik kildemyrskogsmark med dominans av edellauvtrær;Intermediate to lime-rich spring swamp forest dominated by broadleef deciduous trees;wetland;0;VU; A1, C1, D1, D2b;landusec:onlypast:majority:slowdecl,alienspe:ongoingt:majority:slowdecl,nativesp:ongoingt:minority:slowdecl,landusec:ongoingt:minority:slowdecl,landusec:ongoingt:minority:rapidecl,landusec:ongoingt:minority:rapidecl,landusec:ongoingt:minority:rapidecl;273;220
V3;;Nedbørsmyr;Bog;wetland;7;NT; C1, C2a, C2b, D1, D2a, D2b;landusec:ongoingt:minority:slowdecl,landusec:ongoingt:minority:slowdecl,landusec:ongoingt:minority:slowdecl,landusec:ongoingt:minority:slowdecl,landusec:ongoingt:minority:slowdecl,landusec:suspendd:minority:slowdecl,landusec:ongoingt:minority:slowdecl,landusec:ongoingt:minority:slowdecl,landusec:ongoingt:minority:slowdecl,landusec:ongoingt:minority:slowdecl,landusec:ongoingt:minority:slowdecl,pollutio:ongoingt:neglarea:negldecl,pollutio:ongoingt:minority:negldecl;127;221
V4;;Kaldkilde;Spring;wetland;9;LC;;landusec:ongoingt:minority:slowdecl,landusec:ongoingt:minority:slowdecl,landusec:ongoingt:minority:slowdecl,landusec:ongoingt:minority:slowdecl,landusec:ongoingt:minority:slowdecl;128;222
V4;6SO_1,6SO_2;Kaldkilde i boreonemoral og sørboreal sone;Spring in the boreo-nemoral and south boreal zone;wetland;0;VU; A1, A2b, C1, C2b, D1, D2b;landusec:ongoingt:minority:slowdecl,landusec:ongoingt:minority:slowdecl,landusec:ongoingt:minority:slowdecl,landusec:ongoingt:minority:slowdecl,landusec:ongoingt:minority:slowdecl,landusec:ongoingt:minority:slowdecl,landusec:ongoingt:minority:slowdecl,landusec:ongoingt:minority:slowdecl,climatec:onlyfutu:wholarea:unknownd,climatec:onlyfutu:wholarea:unknownd;274;223
V6;;Våtsnøleie og snøleiekilde;Wet snow-bed and snowbed spring;wetland;9;VU; C2a, C2b;climatec:ongoingt:minority:slowdecl,climatec:ongoingt:minority:slowdecl,climatec:ongoingt:minority:slowdecl,climatec:ongoingt:minority:slowdecl,climatec:ongoingt:minority:slowdecl,climatec:onlyfutu:neglarea:slowdecl;130;224
V8;;Strandsumpskogsmark;Tidal and alluvial swamp forest;wetland;3;LC;;landusec:ongoingt:minority:slowdecl,pollutio:ongoingt:minority:slowdecl,landusec:ongoingt:minority:slowdecl,landusec:ongoingt:minority:slowdecl,disturba:ongoingt:minority:slowdecl,otherthr:ongoingt:minority:slowdecl,landusec:ongoingt:minority:negldecl;132;225
V8-2;1AR-A-V;Kalkrik strand- og sumpskogsmark med dominans av vier;Lime-rich alluvial swamp forest dominated by Salix;wetland;0;VU; B2;pollutio:ongoingt:minority:slowdecl,landusec:suspendd:minority:slowdecl,landusec:ongoingt:minority:slowdecl,disturba:ongoingt:minority:negldecl;276;226
V8-3;1AR-A-E;Saltpåvirket strand- og sumpskogsmark med dominans av edelløvtrær;Lime-rich tidal swamp forest dominated by broadleef deciduous trees;wetland;0;NT; C1, C2b, D1, D2b;otherthr:ongoingt:majority:slowdecl,landusec:ongoingt:minority:slowdecl,landusec:ongoingt:minority:slowdecl,landusec:ongoingt:minority:slowdecl,landusec:ongoingt:minority:slowdecl,landusec:ongoingt:minority:slowdecl,disturba:ongoingt:minority:slowdecl,landusec:ongoingt:minority:negldecl;275;227
V9;;Semi-naturlig myr;Semi-natural fen;wetland;3;EN; A2a, A2b, D1, D2a, D2b;landusec:ongoingt:majority:slowdecl,landusec:ongoingt:minority:slowdecl,landusec:ongoingt:minority:slowdecl,landusec:suspendd:minority:slowdecl,landusec:ongoingt:minority:slowdecl,landusec:ongoingt:minority:slowdecl,landusec:ongoingt:minority:slowdecl;133;228
V9;6SO_1,6SO_2,SP-a;Seminaturlig myr med slåttepreg i boreonemoral og sørboreal sone;Hay-fen in the boreo-nemoral and south boreal zone;wetland;0;CR; D1, D2a, D2b;landusec:ongoingt:majority:slowdecl,landusec:ongoingt:minority:slowdecl,landusec:ongoingt:minority:slowdecl,landusec:suspendd:minority:slowdecl,landusec:ongoingt:minority:slowdecl,landusec:ongoingt:minority:slowdecl,landusec:ongoingt:minority:slowdecl,pollutio:ongoingt:minority:slowdecl,landusec:ongoingt:neglarea:slowdecl;277;229
V10;;Semi-naturlig våteng;Semi-natural wet meadow;wetland;3;DD;;;134;230
